--
-- PostgreSQL database dump
--

-- Dumped from database version 16.2 (Postgres.app)
-- Dumped by pg_dump version 16.2 (Postgres.app)

SET statement_timeout = 0;
SET lock_timeout = 0;
SET idle_in_transaction_session_timeout = 0;
SET client_encoding = 'UTF8';
SET standard_conforming_strings = on;
SELECT pg_catalog.set_config('search_path', '', false);
SET check_function_bodies = false;
SET xmloption = content;
SET client_min_messages = warning;
SET row_security = off;

SET default_tablespace = '';

SET default_table_access_method = heap;

--
-- Name: Users; Type: TABLE; Schema: public; Owner: ryanfields
--

CREATE TABLE public."Users" (
    username text NOT NULL,
    password text
);


ALTER TABLE public."Users" OWNER TO ryanfields;

--
-- Name: api_dailyreport; Type: TABLE; Schema: public; Owner: ryanfields
--

CREATE TABLE public.api_dailyreport (
    id bigint NOT NULL,
    date_submitted timestamp with time zone NOT NULL,
    road_name character varying(255) NOT NULL,
    contractor character varying(255) NOT NULL,
    workers character varying NOT NULL,
    job_time_arrived time without time zone NOT NULL,
    job_time_finished time without time zone NOT NULL,
    color character varying(20) NOT NULL,
    material character varying(10) NOT NULL,
    line_type character varying(10) NOT NULL,
    dot_employee boolean NOT NULL,
    user_id integer NOT NULL,
    white_skip_footage numeric(10,2),
    white_skip_size character varying(50),
    white_solid_footage numeric(10,2),
    white_solid_size character varying(50),
    yellow_skip_footage numeric(10,2),
    yellow_skip_size character varying(50),
    yellow_solid_footage numeric(10,2),
    yellow_solid_size character varying(50),
    white_line_type character varying(10) NOT NULL,
    yellow_line_type character varying(10) NOT NULL
);


ALTER TABLE public.api_dailyreport OWNER TO ryanfields;

--
-- Name: api_dailyreport_id_seq; Type: SEQUENCE; Schema: public; Owner: ryanfields
--

ALTER TABLE public.api_dailyreport ALTER COLUMN id ADD GENERATED BY DEFAULT AS IDENTITY (
    SEQUENCE NAME public.api_dailyreport_id_seq
    START WITH 1
    INCREMENT BY 1
    NO MINVALUE
    NO MAXVALUE
    CACHE 1
);


--
-- Name: auth_group; Type: TABLE; Schema: public; Owner: ryanfields
--

CREATE TABLE public.auth_group (
    id integer NOT NULL,
    name character varying(150) NOT NULL
);


ALTER TABLE public.auth_group OWNER TO ryanfields;

--
-- Name: auth_group_id_seq; Type: SEQUENCE; Schema: public; Owner: ryanfields
--

ALTER TABLE public.auth_group ALTER COLUMN id ADD GENERATED BY DEFAULT AS IDENTITY (
    SEQUENCE NAME public.auth_group_id_seq
    START WITH 1
    INCREMENT BY 1
    NO MINVALUE
    NO MAXVALUE
    CACHE 1
);


--
-- Name: auth_group_permissions; Type: TABLE; Schema: public; Owner: ryanfields
--

CREATE TABLE public.auth_group_permissions (
    id bigint NOT NULL,
    group_id integer NOT NULL,
    permission_id integer NOT NULL
);


ALTER TABLE public.auth_group_permissions OWNER TO ryanfields;

--
-- Name: auth_group_permissions_id_seq; Type: SEQUENCE; Schema: public; Owner: ryanfields
--

ALTER TABLE public.auth_group_permissions ALTER COLUMN id ADD GENERATED BY DEFAULT AS IDENTITY (
    SEQUENCE NAME public.auth_group_permissions_id_seq
    START WITH 1
    INCREMENT BY 1
    NO MINVALUE
    NO MAXVALUE
    CACHE 1
);


--
-- Name: auth_permission; Type: TABLE; Schema: public; Owner: ryanfields
--

CREATE TABLE public.auth_permission (
    id integer NOT NULL,
    name character varying(255) NOT NULL,
    content_type_id integer NOT NULL,
    codename character varying(100) NOT NULL
);


ALTER TABLE public.auth_permission OWNER TO ryanfields;

--
-- Name: auth_permission_id_seq; Type: SEQUENCE; Schema: public; Owner: ryanfields
--

ALTER TABLE public.auth_permission ALTER COLUMN id ADD GENERATED BY DEFAULT AS IDENTITY (
    SEQUENCE NAME public.auth_permission_id_seq
    START WITH 1
    INCREMENT BY 1
    NO MINVALUE
    NO MAXVALUE
    CACHE 1
);


--
-- Name: auth_user; Type: TABLE; Schema: public; Owner: ryanfields
--

CREATE TABLE public.auth_user (
    id integer NOT NULL,
    password character varying(128) NOT NULL,
    last_login timestamp with time zone,
    is_superuser boolean NOT NULL,
    username character varying(150) NOT NULL,
    first_name character varying(150) NOT NULL,
    last_name character varying(150) NOT NULL,
    email character varying(254) NOT NULL,
    is_staff boolean NOT NULL,
    is_active boolean NOT NULL,
    date_joined timestamp with time zone NOT NULL
);


ALTER TABLE public.auth_user OWNER TO ryanfields;

--
-- Name: auth_user_groups; Type: TABLE; Schema: public; Owner: ryanfields
--

CREATE TABLE public.auth_user_groups (
    id bigint NOT NULL,
    user_id integer NOT NULL,
    group_id integer NOT NULL
);


ALTER TABLE public.auth_user_groups OWNER TO ryanfields;

--
-- Name: auth_user_groups_id_seq; Type: SEQUENCE; Schema: public; Owner: ryanfields
--

ALTER TABLE public.auth_user_groups ALTER COLUMN id ADD GENERATED BY DEFAULT AS IDENTITY (
    SEQUENCE NAME public.auth_user_groups_id_seq
    START WITH 1
    INCREMENT BY 1
    NO MINVALUE
    NO MAXVALUE
    CACHE 1
);


--
-- Name: auth_user_id_seq; Type: SEQUENCE; Schema: public; Owner: ryanfields
--

ALTER TABLE public.auth_user ALTER COLUMN id ADD GENERATED BY DEFAULT AS IDENTITY (
    SEQUENCE NAME public.auth_user_id_seq
    START WITH 1
    INCREMENT BY 1
    NO MINVALUE
    NO MAXVALUE
    CACHE 1
);


--
-- Name: auth_user_user_permissions; Type: TABLE; Schema: public; Owner: ryanfields
--

CREATE TABLE public.auth_user_user_permissions (
    id bigint NOT NULL,
    user_id integer NOT NULL,
    permission_id integer NOT NULL
);


ALTER TABLE public.auth_user_user_permissions OWNER TO ryanfields;

--
-- Name: auth_user_user_permissions_id_seq; Type: SEQUENCE; Schema: public; Owner: ryanfields
--

ALTER TABLE public.auth_user_user_permissions ALTER COLUMN id ADD GENERATED BY DEFAULT AS IDENTITY (
    SEQUENCE NAME public.auth_user_user_permissions_id_seq
    START WITH 1
    INCREMENT BY 1
    NO MINVALUE
    NO MAXVALUE
    CACHE 1
);


--
-- Name: django_admin_log; Type: TABLE; Schema: public; Owner: ryanfields
--

CREATE TABLE public.django_admin_log (
    id integer NOT NULL,
    action_time timestamp with time zone NOT NULL,
    object_id text,
    object_repr character varying(200) NOT NULL,
    action_flag smallint NOT NULL,
    change_message text NOT NULL,
    content_type_id integer,
    user_id integer NOT NULL,
    CONSTRAINT django_admin_log_action_flag_check CHECK ((action_flag >= 0))
);


ALTER TABLE public.django_admin_log OWNER TO ryanfields;

--
-- Name: django_admin_log_id_seq; Type: SEQUENCE; Schema: public; Owner: ryanfields
--

ALTER TABLE public.django_admin_log ALTER COLUMN id ADD GENERATED BY DEFAULT AS IDENTITY (
    SEQUENCE NAME public.django_admin_log_id_seq
    START WITH 1
    INCREMENT BY 1
    NO MINVALUE
    NO MAXVALUE
    CACHE 1
);


--
-- Name: django_content_type; Type: TABLE; Schema: public; Owner: ryanfields
--

CREATE TABLE public.django_content_type (
    id integer NOT NULL,
    app_label character varying(100) NOT NULL,
    model character varying(100) NOT NULL
);


ALTER TABLE public.django_content_type OWNER TO ryanfields;

--
-- Name: django_content_type_id_seq; Type: SEQUENCE; Schema: public; Owner: ryanfields
--

ALTER TABLE public.django_content_type ALTER COLUMN id ADD GENERATED BY DEFAULT AS IDENTITY (
    SEQUENCE NAME public.django_content_type_id_seq
    START WITH 1
    INCREMENT BY 1
    NO MINVALUE
    NO MAXVALUE
    CACHE 1
);


--
-- Name: django_migrations; Type: TABLE; Schema: public; Owner: ryanfields
--

CREATE TABLE public.django_migrations (
    id bigint NOT NULL,
    app character varying(255) NOT NULL,
    name character varying(255) NOT NULL,
    applied timestamp with time zone NOT NULL
);


ALTER TABLE public.django_migrations OWNER TO ryanfields;

--
-- Name: django_migrations_id_seq; Type: SEQUENCE; Schema: public; Owner: ryanfields
--

ALTER TABLE public.django_migrations ALTER COLUMN id ADD GENERATED BY DEFAULT AS IDENTITY (
    SEQUENCE NAME public.django_migrations_id_seq
    START WITH 1
    INCREMENT BY 1
    NO MINVALUE
    NO MAXVALUE
    CACHE 1
);


--
-- Name: django_session; Type: TABLE; Schema: public; Owner: ryanfields
--

CREATE TABLE public.django_session (
    session_key character varying(40) NOT NULL,
    session_data text NOT NULL,
    expire_date timestamp with time zone NOT NULL
);


ALTER TABLE public.django_session OWNER TO ryanfields;

--
-- Name: token_blacklist_blacklistedtoken; Type: TABLE; Schema: public; Owner: ryanfields
--

CREATE TABLE public.token_blacklist_blacklistedtoken (
    id bigint NOT NULL,
    blacklisted_at timestamp with time zone NOT NULL,
    token_id bigint NOT NULL
);


ALTER TABLE public.token_blacklist_blacklistedtoken OWNER TO ryanfields;

--
-- Name: token_blacklist_blacklistedtoken_id_seq; Type: SEQUENCE; Schema: public; Owner: ryanfields
--

ALTER TABLE public.token_blacklist_blacklistedtoken ALTER COLUMN id ADD GENERATED BY DEFAULT AS IDENTITY (
    SEQUENCE NAME public.token_blacklist_blacklistedtoken_id_seq
    START WITH 1
    INCREMENT BY 1
    NO MINVALUE
    NO MAXVALUE
    CACHE 1
);


--
-- Name: token_blacklist_outstandingtoken; Type: TABLE; Schema: public; Owner: ryanfields
--

CREATE TABLE public.token_blacklist_outstandingtoken (
    id bigint NOT NULL,
    token text NOT NULL,
    created_at timestamp with time zone,
    expires_at timestamp with time zone NOT NULL,
    user_id integer,
    jti character varying(255) NOT NULL
);


ALTER TABLE public.token_blacklist_outstandingtoken OWNER TO ryanfields;

--
-- Name: token_blacklist_outstandingtoken_id_seq; Type: SEQUENCE; Schema: public; Owner: ryanfields
--

ALTER TABLE public.token_blacklist_outstandingtoken ALTER COLUMN id ADD GENERATED BY DEFAULT AS IDENTITY (
    SEQUENCE NAME public.token_blacklist_outstandingtoken_id_seq
    START WITH 1
    INCREMENT BY 1
    NO MINVALUE
    NO MAXVALUE
    CACHE 1
);


--
-- Data for Name: Users; Type: TABLE DATA; Schema: public; Owner: ryanfields
--

COPY public."Users" (username, password) FROM stdin;
ryanfields	borealis123
\.


--
-- Data for Name: api_dailyreport; Type: TABLE DATA; Schema: public; Owner: ryanfields
--

COPY public.api_dailyreport (id, date_submitted, road_name, contractor, workers, job_time_arrived, job_time_finished, color, material, line_type, dot_employee, user_id, white_skip_footage, white_skip_size, white_solid_footage, white_solid_size, yellow_skip_footage, yellow_skip_size, yellow_solid_footage, yellow_solid_size, white_line_type, yellow_line_type) FROM stdin;
13	2024-03-20 10:50:20.889539-04	lee road	king	cf	09:50:00	11:50:00	white	paint	solid	f	2	0.00		4200.00	4 inch	0.00		0.00			
17	2024-03-20 13:33:33.187367-04	longview drive	king	CF	12:30:00	14:30:00	both	paint	solid	f	2	0.00		2000.00	4 inch	7865.00	4 inch	6545.00	4 inch	solid	both
18	2024-03-20 13:57:33.466241-04	lee road	king	CF	23:56:00	15:56:00	both	paint		f	2	6768.00	4 inch	2000.00	4 inch	6865.00	4 inch	5769.00	4 inch	both	both
19	2024-03-20 15:48:05.485845-04	stewart dairy road	king	CF	13:45:00	17:00:00	both	paint		f	2	0.00		2340.00	4 inch	820.00	4 inch	4353.00	4 inch	solid	both
20	2024-03-20 15:52:34.321173-04	lee road	king	CF	15:52:00	17:52:00	both	paint		f	2	0.00		2356.00	4 inch	0.00		6563.00	4 inch	solid	solid
\.


--
-- Data for Name: auth_group; Type: TABLE DATA; Schema: public; Owner: ryanfields
--

COPY public.auth_group (id, name) FROM stdin;
\.


--
-- Data for Name: auth_group_permissions; Type: TABLE DATA; Schema: public; Owner: ryanfields
--

COPY public.auth_group_permissions (id, group_id, permission_id) FROM stdin;
\.


--
-- Data for Name: auth_permission; Type: TABLE DATA; Schema: public; Owner: ryanfields
--

COPY public.auth_permission (id, name, content_type_id, codename) FROM stdin;
1	Can add log entry	1	add_logentry
2	Can change log entry	1	change_logentry
3	Can delete log entry	1	delete_logentry
4	Can view log entry	1	view_logentry
5	Can add permission	2	add_permission
6	Can change permission	2	change_permission
7	Can delete permission	2	delete_permission
8	Can view permission	2	view_permission
9	Can add group	3	add_group
10	Can change group	3	change_group
11	Can delete group	3	delete_group
12	Can view group	3	view_group
13	Can add user	4	add_user
14	Can change user	4	change_user
15	Can delete user	4	delete_user
16	Can view user	4	view_user
17	Can add content type	5	add_contenttype
18	Can change content type	5	change_contenttype
19	Can delete content type	5	delete_contenttype
20	Can view content type	5	view_contenttype
21	Can add session	6	add_session
22	Can change session	6	change_session
23	Can delete session	6	delete_session
24	Can view session	6	view_session
25	Can add blacklisted token	7	add_blacklistedtoken
26	Can change blacklisted token	7	change_blacklistedtoken
27	Can delete blacklisted token	7	delete_blacklistedtoken
28	Can view blacklisted token	7	view_blacklistedtoken
29	Can add outstanding token	8	add_outstandingtoken
30	Can change outstanding token	8	change_outstandingtoken
31	Can delete outstanding token	8	delete_outstandingtoken
32	Can view outstanding token	8	view_outstandingtoken
33	Can add chatbot message	9	add_chatbotmessage
34	Can change chatbot message	9	change_chatbotmessage
35	Can delete chatbot message	9	delete_chatbotmessage
36	Can view chatbot message	9	view_chatbotmessage
37	Can add daily report	10	add_dailyreport
38	Can change daily report	10	change_dailyreport
39	Can delete daily report	10	delete_dailyreport
40	Can view daily report	10	view_dailyreport
\.


--
-- Data for Name: auth_user; Type: TABLE DATA; Schema: public; Owner: ryanfields
--

COPY public.auth_user (id, password, last_login, is_superuser, username, first_name, last_name, email, is_staff, is_active, date_joined) FROM stdin;
3	pbkdf2_sha256$720000$NY2CwrAZc9hPAYDJySL06m$krNXjVES448w7Uf0pE8TT458zG2PKy8ibz3qRazLFp8=	\N	f	ryanfields				f	t	2024-03-15 14:55:26.274406-04
2	pbkdf2_sha256$720000$5mrq6UXRk0mPTO4orrTlLx$kiayxcccX+6KYmYDvRLH9wBeCTvJCnScAPjf06/6qNw=	2024-03-15 15:19:13.267884-04	t	staceyfields				t	t	2024-03-15 13:59:47.672473-04
\.


--
-- Data for Name: auth_user_groups; Type: TABLE DATA; Schema: public; Owner: ryanfields
--

COPY public.auth_user_groups (id, user_id, group_id) FROM stdin;
\.


--
-- Data for Name: auth_user_user_permissions; Type: TABLE DATA; Schema: public; Owner: ryanfields
--

COPY public.auth_user_user_permissions (id, user_id, permission_id) FROM stdin;
\.


--
-- Data for Name: django_admin_log; Type: TABLE DATA; Schema: public; Owner: ryanfields
--

COPY public.django_admin_log (id, action_time, object_id, object_repr, action_flag, change_message, content_type_id, user_id) FROM stdin;
1	2024-03-15 15:04:18.648253-04	5	Blacklisted token for staceyfields	3		7	2
2	2024-03-15 15:04:18.660235-04	16	Blacklisted token for None	3		7	2
3	2024-03-15 15:04:18.662236-04	14	Blacklisted token for None	3		7	2
4	2024-03-15 15:04:18.664232-04	13	Blacklisted token for None	3		7	2
5	2024-03-15 15:04:18.666244-04	11	Blacklisted token for None	3		7	2
6	2024-03-15 15:04:18.668357-04	10	Blacklisted token for None	3		7	2
7	2024-03-15 15:04:18.67053-04	9	Blacklisted token for None	3		7	2
8	2024-03-15 15:04:18.673519-04	7	Blacklisted token for None	3		7	2
9	2024-03-15 15:04:18.675392-04	3	Blacklisted token for None	3		7	2
10	2024-03-15 15:04:18.677181-04	1	Blacklisted token for None	3		7	2
11	2024-03-15 15:19:22.392135-04	20	Blacklisted token for None	3		7	2
12	2024-03-15 15:19:22.397245-04	18	Blacklisted token for None	3		7	2
\.


--
-- Data for Name: django_content_type; Type: TABLE DATA; Schema: public; Owner: ryanfields
--

COPY public.django_content_type (id, app_label, model) FROM stdin;
1	admin	logentry
2	auth	permission
3	auth	group
4	auth	user
5	contenttypes	contenttype
6	sessions	session
7	token_blacklist	blacklistedtoken
8	token_blacklist	outstandingtoken
9	api	chatbotmessage
10	api	dailyreport
\.


--
-- Data for Name: django_migrations; Type: TABLE DATA; Schema: public; Owner: ryanfields
--

COPY public.django_migrations (id, app, name, applied) FROM stdin;
1	contenttypes	0001_initial	2024-03-15 13:42:20.803554-04
2	auth	0001_initial	2024-03-15 13:42:21.013887-04
3	admin	0001_initial	2024-03-15 13:42:21.051884-04
4	admin	0002_logentry_remove_auto_add	2024-03-15 13:42:21.071306-04
5	admin	0003_logentry_add_action_flag_choices	2024-03-15 13:42:21.104611-04
6	api	0001_initial	2024-03-15 13:42:21.157693-04
7	contenttypes	0002_remove_content_type_name	2024-03-15 13:42:21.198981-04
8	auth	0002_alter_permission_name_max_length	2024-03-15 13:42:21.222268-04
9	auth	0003_alter_user_email_max_length	2024-03-15 13:42:21.249564-04
10	auth	0004_alter_user_username_opts	2024-03-15 13:42:21.268681-04
11	auth	0005_alter_user_last_login_null	2024-03-15 13:42:21.292528-04
12	auth	0006_require_contenttypes_0002	2024-03-15 13:42:21.295798-04
13	auth	0007_alter_validators_add_error_messages	2024-03-15 13:42:21.311626-04
14	auth	0008_alter_user_username_max_length	2024-03-15 13:42:21.336046-04
15	auth	0009_alter_user_last_name_max_length	2024-03-15 13:42:21.353902-04
16	auth	0010_alter_group_name_max_length	2024-03-15 13:42:21.368448-04
17	auth	0011_update_proxy_permissions	2024-03-15 13:42:21.382926-04
18	auth	0012_alter_user_first_name_max_length	2024-03-15 13:42:21.396436-04
19	sessions	0001_initial	2024-03-15 13:42:21.410155-04
20	token_blacklist	0001_initial	2024-03-15 13:42:21.476511-04
21	token_blacklist	0002_outstandingtoken_jti_hex	2024-03-15 13:42:21.493168-04
22	token_blacklist	0003_auto_20171017_2007	2024-03-15 13:42:21.515095-04
23	token_blacklist	0004_auto_20171017_2013	2024-03-15 13:42:21.536361-04
24	token_blacklist	0005_remove_outstandingtoken_jti	2024-03-15 13:42:21.556127-04
25	token_blacklist	0006_auto_20171017_2113	2024-03-15 13:42:21.575927-04
26	token_blacklist	0007_auto_20171017_2214	2024-03-15 13:42:21.637991-04
27	token_blacklist	0008_migrate_to_bigautofield	2024-03-15 13:42:21.723638-04
28	token_blacklist	0010_fix_migrate_to_bigautofield	2024-03-15 13:42:21.762602-04
29	token_blacklist	0011_linearizes_history	2024-03-15 13:42:21.766029-04
30	token_blacklist	0012_alter_outstandingtoken_user	2024-03-15 13:42:21.788483-04
31	api	0002_delete_chatbotmessage_alter_dailyreport_color	2024-03-15 15:11:49.323527-04
32	api	0003_alter_dailyreport_workers	2024-03-15 15:22:08.872387-04
33	api	0004_alter_dailyreport_white_footage_and_more	2024-03-19 16:26:43.583593-04
34	api	0005_alter_dailyreport_line_type	2024-03-19 16:31:02.01773-04
35	api	0006_alter_dailyreport_line_type	2024-03-19 16:35:06.61488-04
36	api	0007_dailyreport_white_skip_footage_and_more	2024-03-19 16:39:27.670505-04
37	api	0008_remove_dailyreport_white_footage_and_more	2024-03-20 10:48:51.393734-04
38	api	0009_dailyreport_white_line_type_and_more	2024-03-20 13:25:19.89752-04
\.


--
-- Data for Name: django_session; Type: TABLE DATA; Schema: public; Owner: ryanfields
--

COPY public.django_session (session_key, session_data, expire_date) FROM stdin;
1vrrq7iu4fgnmea7keso2h48iwnsr29q	.eJxVjDsOgzAQRO_iOrK8GK_XKdNzBuT1JyaJsIShinL3gESRaLp5b-YtRr-tZdxaWsYpiqvoxOW3Yx-eaT5AfPj5XmWo87pMLA9FnrTJocb0up3u30HxrezrnhNbVI46ZOMoEvAeQCQCdLl34JmMVkZ3kIiDcX3EkEGBzclqFJ8vuzA2xg:1rlD5F:IsMSjfdB490pK3r-hPGjxivb26dX3s-rbtBqyb9rL28	2024-03-29 15:19:13.271411-04
\.


--
-- Data for Name: token_blacklist_blacklistedtoken; Type: TABLE DATA; Schema: public; Owner: ryanfields
--

COPY public.token_blacklist_blacklistedtoken (id, blacklisted_at, token_id) FROM stdin;
\.


--
-- Data for Name: token_blacklist_outstandingtoken; Type: TABLE DATA; Schema: public; Owner: ryanfields
--

COPY public.token_blacklist_outstandingtoken (id, token, created_at, expires_at, user_id, jti) FROM stdin;
1	eyJhbGciOiJIUzI1NiIsInR5cCI6IkpXVCJ9.eyJ0b2tlbl90eXBlIjoicmVmcmVzaCIsImV4cCI6MTcxNDgzNzM3MiwiaWF0IjoxNzEwNTE3MzcyLCJqdGkiOiIwMGVkMTczMTBiNWY0NTllYjMxNDIwNTNhMDlkMTM4YiIsInVzZXJfaWQiOjEsInVzZXJuYW1lIjoicnlhbmZpZWxkcyIsImVtYWlsIjoicmllbmZlZWxzMTRAZ21haWwuY29tIn0.ZkBNuQIfwfaR6RVZFDHn3l_ZKWPWJisCbkDsGhsyZg4	\N	2024-05-04 11:42:52-04	\N	00ed17310b5f459eb3142053a09d138b
3	eyJhbGciOiJIUzI1NiIsInR5cCI6IkpXVCJ9.eyJ0b2tlbl90eXBlIjoicmVmcmVzaCIsImV4cCI6MTcxNDg0NTM5MiwiaWF0IjoxNzEwNTI1MzkyLCJqdGkiOiIxNTE4Zjg0YTFhYzg0YmQ0YThkYWYzNjAzOWNhMjJmYyIsInVzZXJfaWQiOjEsInVzZXJuYW1lIjoicnlhbmZpZWxkcyIsImVtYWlsIjoicmllbmZlZWxzMTRAZ21haWwuY29tIn0.hA8PVre8OeYxdXzioZZPoaR3T0KwmNIpomQh0fYNckY	\N	2024-05-04 13:56:32-04	\N	1518f84a1ac84bd4a8daf36039ca22fc
5	eyJhbGciOiJIUzI1NiIsInR5cCI6IkpXVCJ9.eyJ0b2tlbl90eXBlIjoicmVmcmVzaCIsImV4cCI6MTcxNDg0NTY1NiwiaWF0IjoxNzEwNTI1NjU2LCJqdGkiOiJhMTQ5MjViNzE5ZWU0NWY0YjEzMGQ5M2VjMzFkMTU3MSIsInVzZXJfaWQiOjJ9.8HRz1DWyBVNBOWp2gjVzVk-AfgnPnOUKmTh5W1cX4bg	2024-03-15 14:00:56.087397-04	2024-05-04 14:00:56-04	2	a14925b719ee45f4b130d93ec31d1571
6	eyJhbGciOiJIUzI1NiIsInR5cCI6IkpXVCJ9.eyJ0b2tlbl90eXBlIjoicmVmcmVzaCIsImV4cCI6MTcxNDg0NTcyMiwiaWF0IjoxNzEwNTI1NzIyLCJqdGkiOiJkMGFlYjMyNDBjODI0MWVjODM5NGU4NGM5M2UwN2ZjYSIsInVzZXJfaWQiOjIsInVzZXJuYW1lIjoic3RhY2V5ZmllbGRzIiwiZW1haWwiOiIifQ.ajb6j-KkoWeiuYWvLd7Gotb-dp_Kxf9G2xuRB--LEks	\N	2024-05-04 14:02:02-04	\N	d0aeb3240c8241ec8394e84c93e07fca
8	eyJhbGciOiJIUzI1NiIsInR5cCI6IkpXVCJ9.eyJ0b2tlbl90eXBlIjoicmVmcmVzaCIsImV4cCI6MTcxNDg0NTc2MiwiaWF0IjoxNzEwNTI1NzYyLCJqdGkiOiI2OGI1M2VjYWQ4Zjg0ODY1YTc1YjA5YTY2Y2M1MTA0MCIsInVzZXJfaWQiOjIsInVzZXJuYW1lIjoic3RhY2V5ZmllbGRzIiwiZW1haWwiOiIifQ.iPECD8oFeqSoG4vBHq5bYtKnnRMCujjuw2ElsLapHic	\N	2024-05-04 14:02:42-04	\N	68b53ecad8f84865a75b09a66cc51040
10	eyJhbGciOiJIUzI1NiIsInR5cCI6IkpXVCJ9.eyJ0b2tlbl90eXBlIjoicmVmcmVzaCIsImV4cCI6MTcxNDg0NTg5NSwiaWF0IjoxNzEwNTI1ODk1LCJqdGkiOiIyMTQ2MjAyZDM1OTg0ZjQ3OGVkZjM1ZTBiM2NhNWMzOCIsInVzZXJfaWQiOjIsInVzZXJuYW1lIjoic3RhY2V5ZmllbGRzIiwiZW1haWwiOiIifQ._DbgMAd9mRe2HT4chSh6NmLOvgs4rEOD5iGYNJgaon4	\N	2024-05-04 14:04:55-04	\N	2146202d35984f478edf35e0b3ca5c38
12	eyJhbGciOiJIUzI1NiIsInR5cCI6IkpXVCJ9.eyJ0b2tlbl90eXBlIjoicmVmcmVzaCIsImV4cCI6MTcxNDg0NjI2NCwiaWF0IjoxNzEwNTI2MjY0LCJqdGkiOiI4OTlkZTc5ZDBkMzc0NWE1YjcyYjNlYjBmOGU4ZjE1YSIsInVzZXJfaWQiOjIsInVzZXJuYW1lIjoic3RhY2V5ZmllbGRzIiwiZW1haWwiOiIifQ.zUcHorIhOrJrwi3Q37d8pZJwLPBkCZcMb2jiNPPxAeU	\N	2024-05-04 14:11:04-04	\N	899de79d0d3745a5b72b3eb0f8e8f15a
14	eyJhbGciOiJIUzI1NiIsInR5cCI6IkpXVCJ9.eyJ0b2tlbl90eXBlIjoicmVmcmVzaCIsImV4cCI6MTcxNDg0NjI2NywiaWF0IjoxNzEwNTI2MjY3LCJqdGkiOiJmY2RjNjY2NDcyZmY0NmQ0YjI5NWFiNmQ4MjNlODdmOSIsInVzZXJfaWQiOjIsInVzZXJuYW1lIjoic3RhY2V5ZmllbGRzIiwiZW1haWwiOiIifQ.IrBVHu5Ih_gV_yBP8Iu_AgiNLz8m-tU_1_AGxGI5X_c	\N	2024-05-04 14:11:07-04	\N	fcdc666472ff46d4b295ab6d823e87f9
16	eyJhbGciOiJIUzI1NiIsInR5cCI6IkpXVCJ9.eyJ0b2tlbl90eXBlIjoicmVmcmVzaCIsImV4cCI6MTcxNDg0NjQwMSwiaWF0IjoxNzEwNTI2NDAxLCJqdGkiOiJlY2VlZjc1OTdhYWU0MWYxYTZlNTg5NjlhMThlZGY1YyIsInVzZXJfaWQiOjIsInVzZXJuYW1lIjoic3RhY2V5ZmllbGRzIiwiZW1haWwiOiIifQ.o84ygKPxehFTfQ_lzkwGFDG0cY4cLvswXiDC2Y4B0TY	\N	2024-05-04 14:13:21-04	\N	eceef7597aae41f1a6e58969a18edf5c
18	eyJhbGciOiJIUzI1NiIsInR5cCI6IkpXVCJ9.eyJ0b2tlbl90eXBlIjoicmVmcmVzaCIsImV4cCI6MTcxNDg0NzI1NiwiaWF0IjoxNzEwNTI3MjU2LCJqdGkiOiI2YzExODhiODMyYzg0YmFmYTgzZWMwOTMzODQyMWZjYiIsInVzZXJfaWQiOjIsInVzZXJuYW1lIjoic3RhY2V5ZmllbGRzIiwiZW1haWwiOiIifQ.QdfRDmnFWT-uh89nq2DbE20djJp65C_lb3XCUbmksoY	\N	2024-05-04 14:27:36-04	\N	6c1188b832c84bafa83ec09338421fcb
20	eyJhbGciOiJIUzI1NiIsInR5cCI6IkpXVCJ9.eyJ0b2tlbl90eXBlIjoicmVmcmVzaCIsImV4cCI6MTcxNDg0ODk0OCwiaWF0IjoxNzEwNTI4OTQ4LCJqdGkiOiIwYjAzYzFlZGM4Y2U0NGUxYTI0YWEzNWFiNWI4NzhjOCIsInVzZXJfaWQiOjN9.UJKy3pkDiPz0b-3l4iF4PnRnUCE3iw8tJvukYwZNXEo	2024-03-15 14:55:48.173034-04	2024-05-04 14:55:48-04	3	0b03c1edc8ce44e1a24aa35ab5b878c8
21	eyJhbGciOiJIUzI1NiIsInR5cCI6IkpXVCJ9.eyJ0b2tlbl90eXBlIjoicmVmcmVzaCIsImV4cCI6MTcxNDg0OTQ2OSwiaWF0IjoxNzEwNTI5NDY5LCJqdGkiOiI1YmNjY2YwNzAzNTY0ZDU4YmYxZWYyNTRiNTQ1MzVkYyIsInVzZXJfaWQiOjIsInVzZXJuYW1lIjoic3RhY2V5ZmllbGRzIiwiZW1haWwiOiIifQ.HS5rb0gS-MwDEcBY7cxVDY7z6e-Y061NR4IJYWcGo1o	\N	2024-05-04 15:04:29-04	\N	5bcccf0703564d58bf1ef254b54535dc
22	eyJhbGciOiJIUzI1NiIsInR5cCI6IkpXVCJ9.eyJ0b2tlbl90eXBlIjoicmVmcmVzaCIsImV4cCI6MTcxNDg1MTcyOCwiaWF0IjoxNzEwNTMxNzI4LCJqdGkiOiJmYjA0YTQzMGIyNTg0YzZmOGQ5Mzk2Y2JmNmJjNTUyYiIsInVzZXJfaWQiOjJ9.F0Yvg2Ql5HpAEPyna_OTcGmniAR_J2-2oMgkxB8L2rQ	2024-03-15 15:42:08.547736-04	2024-05-04 15:42:08-04	2	fb04a430b2584c6f8d9396cbf6bc552b
23	eyJhbGciOiJIUzI1NiIsInR5cCI6IkpXVCJ9.eyJ0b2tlbl90eXBlIjoicmVmcmVzaCIsImV4cCI6MTcxNDk0NDM0NSwiaWF0IjoxNzEwNjI0MzQ1LCJqdGkiOiI4MjA4YWYzNmZmZjU0MzEyYTA1ZmMwNzQzZWNmMmQ5OSIsInVzZXJfaWQiOjJ9.aYPwNge-tgtvh52cxVjCRcdd2hFonQm8oLqC8ONnpNY	2024-03-16 17:25:45.079284-04	2024-05-05 17:25:45-04	2	8208af36fff54312a05fc0743ecf2d99
24	eyJhbGciOiJIUzI1NiIsInR5cCI6IkpXVCJ9.eyJ0b2tlbl90eXBlIjoicmVmcmVzaCIsImV4cCI6MTcxNDk0NDU2MywiaWF0IjoxNzEwNjI0NTYzLCJqdGkiOiIyMTY2ZTQ2YjM1NjI0ZTQ2OWQ3MDJkYWIyZDEwYTUyNSIsInVzZXJfaWQiOjJ9.jvvBtn74WD_EkJo98ZcBNQZGP_oHibXw0jZWnpbtPWU	2024-03-16 17:29:23.864507-04	2024-05-05 17:29:23-04	2	2166e46b35624e469d702dab2d10a525
25	eyJhbGciOiJIUzI1NiIsInR5cCI6IkpXVCJ9.eyJ0b2tlbl90eXBlIjoicmVmcmVzaCIsImV4cCI6MTcxNDk1MjQyNywiaWF0IjoxNzEwNjMyNDI3LCJqdGkiOiJmNWIyMDZjN2IxZmM0YTY0OTU5YWMwNmFmZDk5ZTM3OSIsInVzZXJfaWQiOjJ9.P46oGapFSpM55R2-I_Y9T83R51Bac0kWO_C6yCXehwM	2024-03-16 19:40:27.79543-04	2024-05-05 19:40:27-04	2	f5b206c7b1fc4a64959ac06afd99e379
26	eyJhbGciOiJIUzI1NiIsInR5cCI6IkpXVCJ9.eyJ0b2tlbl90eXBlIjoicmVmcmVzaCIsImV4cCI6MTcxNDk1MzM1MCwiaWF0IjoxNzEwNjMzMzUwLCJqdGkiOiI2MjI3ODdmYjVjMmQ0YmVhYTIyYTMwODZhNTY1ZTQxNSIsInVzZXJfaWQiOjJ9.EQ6MWJTaYqA546cB-Icr8sXUXViZeHKBINDdHpO8V4w	2024-03-16 19:55:50.505166-04	2024-05-05 19:55:50-04	2	622787fb5c2d4beaa22a3086a565e415
27	eyJhbGciOiJIUzI1NiIsInR5cCI6IkpXVCJ9.eyJ0b2tlbl90eXBlIjoicmVmcmVzaCIsImV4cCI6MTcxNTAyODMyMywiaWF0IjoxNzEwNzA4MzIzLCJqdGkiOiJjMDA0ZGQyMTkwOGY0ZTk2ODNkMGM1N2NjZWJmMDUwNyIsInVzZXJfaWQiOjJ9.pbserDVWDbUIMshhOe6_3fb8WVPsGU1ZYiOuLuH-pTY	2024-03-17 16:45:23.464463-04	2024-05-06 16:45:23-04	2	c004dd21908f4e9683d0c57ccebf0507
28	eyJhbGciOiJIUzI1NiIsInR5cCI6IkpXVCJ9.eyJ0b2tlbl90eXBlIjoicmVmcmVzaCIsImV4cCI6MTcxNTAzMjI1NywiaWF0IjoxNzEwNzEyMjU3LCJqdGkiOiIwODc3YjI4NDNjMTM0YmZmOTUyZTZlMmE4NDM2OWJhNiIsInVzZXJfaWQiOjJ9.PSnEK4v2OFCOdUPuNbN5FMyHmuRC3AXivia1st6BdCM	2024-03-17 17:50:57.801061-04	2024-05-06 17:50:57-04	2	0877b2843c134bff952e6e2a84369ba6
29	eyJhbGciOiJIUzI1NiIsInR5cCI6IkpXVCJ9.eyJ0b2tlbl90eXBlIjoicmVmcmVzaCIsImV4cCI6MTcxNTA1NjY1MSwiaWF0IjoxNzEwNzM2NjUxLCJqdGkiOiI0NTE0Yjg5YmNmMmY0N2EyOWZmNDBlZGViMmE0YzlkYyIsInVzZXJfaWQiOjJ9.hLWTF7ovnTvRoMTrNGPGw3x8SIKRQxyxFNBKiLS0b3k	2024-03-18 00:37:31.44521-04	2024-05-07 00:37:31-04	2	4514b89bcf2f47a29ff40edeb2a4c9dc
30	eyJhbGciOiJIUzI1NiIsInR5cCI6IkpXVCJ9.eyJ0b2tlbl90eXBlIjoicmVmcmVzaCIsImV4cCI6MTcxNTA4NzEwNSwiaWF0IjoxNzEwNzY3MTA1LCJqdGkiOiI0NGExYTMzMmYzMzY0NmMwYjZmNWVmNTk1ODMxMjYwZiIsInVzZXJfaWQiOjJ9.DCEQEwbi2144sm7EjHAhRgBMKPQ68lN0FLFOEDAx_eE	2024-03-18 09:05:05.62601-04	2024-05-07 09:05:05-04	2	44a1a332f33646c0b6f5ef595831260f
31	eyJhbGciOiJIUzI1NiIsInR5cCI6IkpXVCJ9.eyJ0b2tlbl90eXBlIjoicmVmcmVzaCIsImV4cCI6MTcxNTA5MzY3NCwiaWF0IjoxNzEwNzczNjc0LCJqdGkiOiI3MzY1YTk5NDY4MzA0NWJjOGU2MzdkMjY2ZGJjODllMiIsInVzZXJfaWQiOjJ9.MtgpNerHYHGC37dqWAuNCo-JvrQBSg-P2Un_YYcWqjc	2024-03-18 10:54:34.877693-04	2024-05-07 10:54:34-04	2	7365a994683045bc8e637d266dbc89e2
32	eyJhbGciOiJIUzI1NiIsInR5cCI6IkpXVCJ9.eyJ0b2tlbl90eXBlIjoicmVmcmVzaCIsImV4cCI6MTcxNTEwNzM1MywiaWF0IjoxNzEwNzg3MzUzLCJqdGkiOiIyZmViN2QyMmZkZDI0ZDBiOWY0MWRhZTliOTBhYmU5YSIsInVzZXJfaWQiOjJ9.fz2MV8pQU3ZvGZ7jK4_W4vDSlfQxRz8RyBjuc4Pqm1Y	2024-03-18 14:42:33.652512-04	2024-05-07 14:42:33-04	2	2feb7d22fdd24d0b9f41dae9b90abe9a
33	eyJhbGciOiJIUzI1NiIsInR5cCI6IkpXVCJ9.eyJ0b2tlbl90eXBlIjoicmVmcmVzaCIsImV4cCI6MTcxNTExMjM1MSwiaWF0IjoxNzEwNzkyMzUxLCJqdGkiOiI5MmRkYzdkNTAxZGE0MDJhOWY5MGE3MGU0YTc1YzRmMiIsInVzZXJfaWQiOjJ9.yvMAOzY1v7FtSrFuQqiqEbZPUqUJ7Go0M0J7VsD0IP4	2024-03-18 16:05:51.822274-04	2024-05-07 16:05:51-04	2	92ddc7d501da402a9f90a70e4a75c4f2
34	eyJhbGciOiJIUzI1NiIsInR5cCI6IkpXVCJ9.eyJ0b2tlbl90eXBlIjoicmVmcmVzaCIsImV4cCI6MTcxNTE3ODI4NywiaWF0IjoxNzEwODU4Mjg3LCJqdGkiOiI0OGY1ZWNlNTBjZDQ0YmI1YWU1ZjljYzNkNzgwYzI1MyIsInVzZXJfaWQiOjJ9.dJ8PpbKQeAYvwRIgXFJcTtIUKbE_SikggqU0sT6fdHY	2024-03-19 10:24:47.547192-04	2024-05-08 10:24:47-04	2	48f5ece50cd44bb5ae5f9cc3d780c253
35	eyJhbGciOiJIUzI1NiIsInR5cCI6IkpXVCJ9.eyJ0b2tlbl90eXBlIjoicmVmcmVzaCIsImV4cCI6MTcxNTE5MTMzOSwiaWF0IjoxNzEwODcxMzM5LCJqdGkiOiIxMTY2YzE0Nzc4YmM0ZTM1Yjg1MDBjN2IwNzU2MjdlZCIsInVzZXJfaWQiOjJ9.zItonYXPkq0YlRsdCF4EMFN9NNWq0eIqEIlwnpCBD3g	2024-03-19 14:02:19.237515-04	2024-05-08 14:02:19-04	2	1166c14778bc4e35b8500c7b075627ed
36	eyJhbGciOiJIUzI1NiIsInR5cCI6IkpXVCJ9.eyJ0b2tlbl90eXBlIjoicmVmcmVzaCIsImV4cCI6MTcxNTE5NDUxMywiaWF0IjoxNzEwODc0NTEzLCJqdGkiOiJkZmRhOTMyNzNjZGQ0NjUxYTAwYzFhZGQ4YzBlZjIwZSIsInVzZXJfaWQiOjJ9.gi4kw4p-Iu7Ndqk1xYn54tbHYvmU7upPmTwHvM0LOhY	2024-03-19 14:55:13.793269-04	2024-05-08 14:55:13-04	2	dfda93273cdd4651a00c1add8c0ef20e
37	eyJhbGciOiJIUzI1NiIsInR5cCI6IkpXVCJ9.eyJ0b2tlbl90eXBlIjoicmVmcmVzaCIsImV4cCI6MTcxNTE5NDk2NCwiaWF0IjoxNzEwODc0OTY0LCJqdGkiOiJkOTUyNDY1NzU0Yjg0NzMwYTkzMjViNDY0MDkzYjJiMyIsInVzZXJfaWQiOjJ9.-meUNIWwb3SjzkMU8bpGz26i3CUqQnfMxgQ0UatVq_M	2024-03-19 15:02:44.163788-04	2024-05-08 15:02:44-04	2	d952465754b84730a9325b464093b2b3
38	eyJhbGciOiJIUzI1NiIsInR5cCI6IkpXVCJ9.eyJ0b2tlbl90eXBlIjoicmVmcmVzaCIsImV4cCI6MTcxNTE5NDk2NiwiaWF0IjoxNzEwODc0OTY2LCJqdGkiOiJkNjJlNDU1YTA0Njg0MmQ0YjZkYjE0M2ExN2JlMTg1ZiIsInVzZXJfaWQiOjJ9.U4P4bHmFmBvK6l5mRCrzxxnsrQU54A0az9gnbNsaDl4	2024-03-19 15:02:46.499125-04	2024-05-08 15:02:46-04	2	d62e455a046842d4b6db143a17be185f
39	eyJhbGciOiJIUzI1NiIsInR5cCI6IkpXVCJ9.eyJ0b2tlbl90eXBlIjoicmVmcmVzaCIsImV4cCI6MTcxNTE5NDk2NiwiaWF0IjoxNzEwODc0OTY2LCJqdGkiOiJhODMwM2Y5OWNhNWQ0Y2NjOWJlMWViNGUyNDNlNjM0YyIsInVzZXJfaWQiOjJ9.Eqs9_W0m3AQ4zSq-GpPtda6tI93VFwdMtL2xR1GeMPU	2024-03-19 15:02:46.534462-04	2024-05-08 15:02:46-04	2	a8303f99ca5d4ccc9be1eb4e243e634c
40	eyJhbGciOiJIUzI1NiIsInR5cCI6IkpXVCJ9.eyJ0b2tlbl90eXBlIjoicmVmcmVzaCIsImV4cCI6MTcxNTE5NTAxMywiaWF0IjoxNzEwODc1MDEzLCJqdGkiOiI2ZDQ1OTQzNGE2YmE0MTM4OThmMWFhMmFhMzA1YWM3MiIsInVzZXJfaWQiOjJ9.LdSlhJ-RmRe23NdtPqpu_zLM3biw9ZmIdmJYwHCVlrk	2024-03-19 15:03:33.179244-04	2024-05-08 15:03:33-04	2	6d459434a6ba413898f1aa2aa305ac72
41	eyJhbGciOiJIUzI1NiIsInR5cCI6IkpXVCJ9.eyJ0b2tlbl90eXBlIjoicmVmcmVzaCIsImV4cCI6MTcxNTE5NTExNywiaWF0IjoxNzEwODc1MTE3LCJqdGkiOiI1M2RkNjc5N2RlOGI0Njg0ODk1ZTU5ZGU4MTkwM2NhNiIsInVzZXJfaWQiOjJ9.BviZktw-0SvUzo6EHchejoyOvH2ySLq8qW1V581-KKo	2024-03-19 15:05:17.942844-04	2024-05-08 15:05:17-04	2	53dd6797de8b4684895e59de81903ca6
42	eyJhbGciOiJIUzI1NiIsInR5cCI6IkpXVCJ9.eyJ0b2tlbl90eXBlIjoicmVmcmVzaCIsImV4cCI6MTcxNTM1NDI2OSwiaWF0IjoxNzExMDM0MjY5LCJqdGkiOiI1NzBhN2I1OGE5MmI0MzZlYTI3ZGY1OGNlMTU4NjIzOSIsInVzZXJfaWQiOjJ9.bT22u8XCnHElUsufvTTa5aV-CrsYndOpM9knUWwFToU	2024-03-21 11:17:49.656445-04	2024-05-10 11:17:49-04	2	570a7b58a92b436ea27df58ce1586239
43	eyJhbGciOiJIUzI1NiIsInR5cCI6IkpXVCJ9.eyJ0b2tlbl90eXBlIjoicmVmcmVzaCIsImV4cCI6MTcxNTM2MTY1OCwiaWF0IjoxNzExMDQxNjU4LCJqdGkiOiI0MzgxNDk2ZDI1ZDQ0NzZjYTE5ZmE3NzFlYjUzMDUwNiIsInVzZXJfaWQiOjJ9.lmySS5D8FvikebFgAZEuGX_C3OvH1xiD0y_DjAJvgsA	2024-03-21 13:20:58.330611-04	2024-05-10 13:20:58-04	2	4381496d25d4476ca19fa771eb530506
44	eyJhbGciOiJIUzI1NiIsInR5cCI6IkpXVCJ9.eyJ0b2tlbl90eXBlIjoicmVmcmVzaCIsImV4cCI6MTcxNTM2NjAyNywiaWF0IjoxNzExMDQ2MDI3LCJqdGkiOiI5MmE4NThlMWY1OWE0MDVjOWMxN2VkZDM5OGQ1OGU4NiIsInVzZXJfaWQiOjJ9.POUTjAlZJxu43-N01MHQQ402mxjJsoVaIIhUchJvr4k	2024-03-21 14:33:47.339956-04	2024-05-10 14:33:47-04	2	92a858e1f59a405c9c17edd398d58e86
45	eyJhbGciOiJIUzI1NiIsInR5cCI6IkpXVCJ9.eyJ0b2tlbl90eXBlIjoicmVmcmVzaCIsImV4cCI6MTcxNTM2NjUyMywiaWF0IjoxNzExMDQ2NTIzLCJqdGkiOiJmYmFkZWRkY2FiYWQ0Y2ViOGE4N2E5NDcwOWYzZmY1MyIsInVzZXJfaWQiOjJ9.uGpjR1ns7YI7WV1Auw02J_BGqE7SG1dkS4uABnyRhZ4	2024-03-21 14:42:03.495043-04	2024-05-10 14:42:03-04	2	fbadeddcabad4ceb8a87a94709f3ff53
46	eyJhbGciOiJIUzI1NiIsInR5cCI6IkpXVCJ9.eyJ0b2tlbl90eXBlIjoicmVmcmVzaCIsImV4cCI6MTcxNTM2OTIzMywiaWF0IjoxNzExMDQ5MjMzLCJqdGkiOiJiMTJmZmQzNzUyNDY0MmMzOTQxZDFmOWY0Y2Q3MjNjMiIsInVzZXJfaWQiOjJ9.NNFFszkOMl8JCUTRPNe5nFqyrsSMOVDOOqAjAtDSnuE	2024-03-21 15:27:13.217646-04	2024-05-10 15:27:13-04	2	b12ffd37524642c3941d1f9f4cd723c2
47	eyJhbGciOiJIUzI1NiIsInR5cCI6IkpXVCJ9.eyJ0b2tlbl90eXBlIjoicmVmcmVzaCIsImV4cCI6MTcxNTM2OTM3MiwiaWF0IjoxNzExMDQ5MzcyLCJqdGkiOiI0MDg3YjY3ODNmZDA0ZWYxYWE3MGM1YmJhNzg1NjU2YSIsInVzZXJfaWQiOjJ9.hpFTD1Byf6qujfapm0wQ1ERqMJtJnpiIppdnY7-xSgk	2024-03-21 15:29:32.717796-04	2024-05-10 15:29:32-04	2	4087b6783fd04ef1aa70c5bba785656a
48	eyJhbGciOiJIUzI1NiIsInR5cCI6IkpXVCJ9.eyJ0b2tlbl90eXBlIjoicmVmcmVzaCIsImV4cCI6MTcxNTM2OTQzMCwiaWF0IjoxNzExMDQ5NDMwLCJqdGkiOiI0N2JiZTM3NDE4YzE0NjU5ODI3MWMzNTgzYWMzZjg5NiIsInVzZXJfaWQiOjJ9.zbR_YP1oz3mkakc8JLIitSUIiUR9ZVyOI52yYxPeDTo	2024-03-21 15:30:30.633957-04	2024-05-10 15:30:30-04	2	47bbe37418c146598271c3583ac3f896
49	eyJhbGciOiJIUzI1NiIsInR5cCI6IkpXVCJ9.eyJ0b2tlbl90eXBlIjoicmVmcmVzaCIsImV4cCI6MTcxNTM3MjgyNiwiaWF0IjoxNzExMDUyODI2LCJqdGkiOiJiM2VjYzk5YjdkYjE0ZGY0OGU2NjUyN2FkM2FlZDZhMyIsInVzZXJfaWQiOjJ9.plEKutbZhfvJ4S9enY-s8DGdx4-7BMOZY9SE-jQzL8o	2024-03-21 16:27:06.291001-04	2024-05-10 16:27:06-04	2	b3ecc99b7db14df48e66527ad3aed6a3
50	eyJhbGciOiJIUzI1NiIsInR5cCI6IkpXVCJ9.eyJ0b2tlbl90eXBlIjoicmVmcmVzaCIsImV4cCI6MTcxNTM3Mjk5MywiaWF0IjoxNzExMDUyOTkzLCJqdGkiOiIwYWZhYjVhNzlhZTk0Yjc2ODViODA2ZmM4ZThjNjg1MyIsInVzZXJfaWQiOjJ9.sMDuzfUxrDWdwqRej84IYOflNgWMcptjtJGS_sWku6o	2024-03-21 16:29:53.407304-04	2024-05-10 16:29:53-04	2	0afab5a79ae94b7685b806fc8e8c6853
51	eyJhbGciOiJIUzI1NiIsInR5cCI6IkpXVCJ9.eyJ0b2tlbl90eXBlIjoicmVmcmVzaCIsImV4cCI6MTcxNTM3MzM3NywiaWF0IjoxNzExMDUzMzc3LCJqdGkiOiIyYzM2YTNlMTJjYmU0NTkxYTRlODA4Y2U2ZWZlY2I5MSIsInVzZXJfaWQiOjJ9.MeQjAIwQCp_K6X28xPU8ysXt1Fc00SBUyVUeDNsEidg	2024-03-21 16:36:17.59518-04	2024-05-10 16:36:17-04	2	2c36a3e12cbe4591a4e808ce6efecb91
52	eyJhbGciOiJIUzI1NiIsInR5cCI6IkpXVCJ9.eyJ0b2tlbl90eXBlIjoicmVmcmVzaCIsImV4cCI6MTcxNTQzMzYyMiwiaWF0IjoxNzExMTEzNjIyLCJqdGkiOiJiNDY3YzFhMzg3YzU0ZjRjODIyMWRkYWRjYzUxMzFhMiIsInVzZXJfaWQiOjJ9.a77N-UiYJGz3kHtSnwte-beUTaLAFWx8pGzq_bDT8II	2024-03-22 09:20:22.893471-04	2024-05-11 09:20:22-04	2	b467c1a387c54f4c8221ddadcc5131a2
53	eyJhbGciOiJIUzI1NiIsInR5cCI6IkpXVCJ9.eyJ0b2tlbl90eXBlIjoicmVmcmVzaCIsImV4cCI6MTcxNTQzNTA0MCwiaWF0IjoxNzExMTE1MDQwLCJqdGkiOiJkNzJiODgwZDc4OWQ0OTgxYmI1YjNiYjhmODlmMzA0NiIsInVzZXJfaWQiOjJ9.yuIzbaotYik5bEJOkYaMkXggwOsNgPvfG5Yh0YTZjgc	2024-03-22 09:44:00.688953-04	2024-05-11 09:44:00-04	2	d72b880d789d4981bb5b3bb8f89f3046
54	eyJhbGciOiJIUzI1NiIsInR5cCI6IkpXVCJ9.eyJ0b2tlbl90eXBlIjoicmVmcmVzaCIsImV4cCI6MTcxNTQzNTk2MCwiaWF0IjoxNzExMTE1OTYwLCJqdGkiOiIyZDVjYjNkNDAyMGU0NWUzYTI3YjI2ZWU2YWJiZmJjZSIsInVzZXJfaWQiOjJ9.Ib4OlCb4iTPQ74PMQQNaHjmRnHOm59CSt1ZfHmDaG9A	2024-03-22 09:59:20.594087-04	2024-05-11 09:59:20-04	2	2d5cb3d4020e45e3a27b26ee6abbfbce
55	eyJhbGciOiJIUzI1NiIsInR5cCI6IkpXVCJ9.eyJ0b2tlbl90eXBlIjoicmVmcmVzaCIsImV4cCI6MTcxNTQzNzIzOCwiaWF0IjoxNzExMTE3MjM4LCJqdGkiOiIxNGI0MzBlODE4NjY0NjFmYWU0ZDdlYzc3YjQxNmQzMCIsInVzZXJfaWQiOjJ9.4mMKMBSV2bEo3yIpBjXNHavXEF6KLOSNWQeEzHVbes4	2024-03-22 10:20:38.289002-04	2024-05-11 10:20:38-04	2	14b430e81866461fae4d7ec77b416d30
56	eyJhbGciOiJIUzI1NiIsInR5cCI6IkpXVCJ9.eyJ0b2tlbl90eXBlIjoicmVmcmVzaCIsImV4cCI6MTcxNTQzOTg1NSwiaWF0IjoxNzExMTE5ODU1LCJqdGkiOiI5ZDM5MDFkZTE1NTY0MjFmYWI4YzNlMzNkMTkwZmQxZCIsInVzZXJfaWQiOjJ9.rUlgHFxN8KNirCj7JZK8QWxwXslHtV9Hup4aJjajQtI	2024-03-22 11:04:15.626149-04	2024-05-11 11:04:15-04	2	9d3901de1556421fab8c3e33d190fd1d
\.


--
-- Name: api_dailyreport_id_seq; Type: SEQUENCE SET; Schema: public; Owner: ryanfields
--

SELECT pg_catalog.setval('public.api_dailyreport_id_seq', 24, true);


--
-- Name: auth_group_id_seq; Type: SEQUENCE SET; Schema: public; Owner: ryanfields
--

SELECT pg_catalog.setval('public.auth_group_id_seq', 1, false);


--
-- Name: auth_group_permissions_id_seq; Type: SEQUENCE SET; Schema: public; Owner: ryanfields
--

SELECT pg_catalog.setval('public.auth_group_permissions_id_seq', 1, false);


--
-- Name: auth_permission_id_seq; Type: SEQUENCE SET; Schema: public; Owner: ryanfields
--

SELECT pg_catalog.setval('public.auth_permission_id_seq', 40, true);


--
-- Name: auth_user_groups_id_seq; Type: SEQUENCE SET; Schema: public; Owner: ryanfields
--

SELECT pg_catalog.setval('public.auth_user_groups_id_seq', 1, false);


--
-- Name: auth_user_id_seq; Type: SEQUENCE SET; Schema: public; Owner: ryanfields
--

SELECT pg_catalog.setval('public.auth_user_id_seq', 3, true);


--
-- Name: auth_user_user_permissions_id_seq; Type: SEQUENCE SET; Schema: public; Owner: ryanfields
--

SELECT pg_catalog.setval('public.auth_user_user_permissions_id_seq', 1, false);


--
-- Name: django_admin_log_id_seq; Type: SEQUENCE SET; Schema: public; Owner: ryanfields
--

SELECT pg_catalog.setval('public.django_admin_log_id_seq', 12, true);


--
-- Name: django_content_type_id_seq; Type: SEQUENCE SET; Schema: public; Owner: ryanfields
--

SELECT pg_catalog.setval('public.django_content_type_id_seq', 10, true);


--
-- Name: django_migrations_id_seq; Type: SEQUENCE SET; Schema: public; Owner: ryanfields
--

SELECT pg_catalog.setval('public.django_migrations_id_seq', 38, true);


--
-- Name: token_blacklist_blacklistedtoken_id_seq; Type: SEQUENCE SET; Schema: public; Owner: ryanfields
--

SELECT pg_catalog.setval('public.token_blacklist_blacklistedtoken_id_seq', 20, true);


--
-- Name: token_blacklist_outstandingtoken_id_seq; Type: SEQUENCE SET; Schema: public; Owner: ryanfields
--

SELECT pg_catalog.setval('public.token_blacklist_outstandingtoken_id_seq', 56, true);


--
-- Name: Users Users_pkey; Type: CONSTRAINT; Schema: public; Owner: ryanfields
--

ALTER TABLE ONLY public."Users"
    ADD CONSTRAINT "Users_pkey" PRIMARY KEY (username);


--
-- Name: api_dailyreport api_dailyreport_pkey; Type: CONSTRAINT; Schema: public; Owner: ryanfields
--

ALTER TABLE ONLY public.api_dailyreport
    ADD CONSTRAINT api_dailyreport_pkey PRIMARY KEY (id);


--
-- Name: auth_group auth_group_name_key; Type: CONSTRAINT; Schema: public; Owner: ryanfields
--

ALTER TABLE ONLY public.auth_group
    ADD CONSTRAINT auth_group_name_key UNIQUE (name);


--
-- Name: auth_group_permissions auth_group_permissions_group_id_permission_id_0cd325b0_uniq; Type: CONSTRAINT; Schema: public; Owner: ryanfields
--

ALTER TABLE ONLY public.auth_group_permissions
    ADD CONSTRAINT auth_group_permissions_group_id_permission_id_0cd325b0_uniq UNIQUE (group_id, permission_id);


--
-- Name: auth_group_permissions auth_group_permissions_pkey; Type: CONSTRAINT; Schema: public; Owner: ryanfields
--

ALTER TABLE ONLY public.auth_group_permissions
    ADD CONSTRAINT auth_group_permissions_pkey PRIMARY KEY (id);


--
-- Name: auth_group auth_group_pkey; Type: CONSTRAINT; Schema: public; Owner: ryanfields
--

ALTER TABLE ONLY public.auth_group
    ADD CONSTRAINT auth_group_pkey PRIMARY KEY (id);


--
-- Name: auth_permission auth_permission_content_type_id_codename_01ab375a_uniq; Type: CONSTRAINT; Schema: public; Owner: ryanfields
--

ALTER TABLE ONLY public.auth_permission
    ADD CONSTRAINT auth_permission_content_type_id_codename_01ab375a_uniq UNIQUE (content_type_id, codename);


--
-- Name: auth_permission auth_permission_pkey; Type: CONSTRAINT; Schema: public; Owner: ryanfields
--

ALTER TABLE ONLY public.auth_permission
    ADD CONSTRAINT auth_permission_pkey PRIMARY KEY (id);


--
-- Name: auth_user_groups auth_user_groups_pkey; Type: CONSTRAINT; Schema: public; Owner: ryanfields
--

ALTER TABLE ONLY public.auth_user_groups
    ADD CONSTRAINT auth_user_groups_pkey PRIMARY KEY (id);


--
-- Name: auth_user_groups auth_user_groups_user_id_group_id_94350c0c_uniq; Type: CONSTRAINT; Schema: public; Owner: ryanfields
--

ALTER TABLE ONLY public.auth_user_groups
    ADD CONSTRAINT auth_user_groups_user_id_group_id_94350c0c_uniq UNIQUE (user_id, group_id);


--
-- Name: auth_user auth_user_pkey; Type: CONSTRAINT; Schema: public; Owner: ryanfields
--

ALTER TABLE ONLY public.auth_user
    ADD CONSTRAINT auth_user_pkey PRIMARY KEY (id);


--
-- Name: auth_user_user_permissions auth_user_user_permissions_pkey; Type: CONSTRAINT; Schema: public; Owner: ryanfields
--

ALTER TABLE ONLY public.auth_user_user_permissions
    ADD CONSTRAINT auth_user_user_permissions_pkey PRIMARY KEY (id);


--
-- Name: auth_user_user_permissions auth_user_user_permissions_user_id_permission_id_14a6b632_uniq; Type: CONSTRAINT; Schema: public; Owner: ryanfields
--

ALTER TABLE ONLY public.auth_user_user_permissions
    ADD CONSTRAINT auth_user_user_permissions_user_id_permission_id_14a6b632_uniq UNIQUE (user_id, permission_id);


--
-- Name: auth_user auth_user_username_key; Type: CONSTRAINT; Schema: public; Owner: ryanfields
--

ALTER TABLE ONLY public.auth_user
    ADD CONSTRAINT auth_user_username_key UNIQUE (username);


--
-- Name: django_admin_log django_admin_log_pkey; Type: CONSTRAINT; Schema: public; Owner: ryanfields
--

ALTER TABLE ONLY public.django_admin_log
    ADD CONSTRAINT django_admin_log_pkey PRIMARY KEY (id);


--
-- Name: django_content_type django_content_type_app_label_model_76bd3d3b_uniq; Type: CONSTRAINT; Schema: public; Owner: ryanfields
--

ALTER TABLE ONLY public.django_content_type
    ADD CONSTRAINT django_content_type_app_label_model_76bd3d3b_uniq UNIQUE (app_label, model);


--
-- Name: django_content_type django_content_type_pkey; Type: CONSTRAINT; Schema: public; Owner: ryanfields
--

ALTER TABLE ONLY public.django_content_type
    ADD CONSTRAINT django_content_type_pkey PRIMARY KEY (id);


--
-- Name: django_migrations django_migrations_pkey; Type: CONSTRAINT; Schema: public; Owner: ryanfields
--

ALTER TABLE ONLY public.django_migrations
    ADD CONSTRAINT django_migrations_pkey PRIMARY KEY (id);


--
-- Name: django_session django_session_pkey; Type: CONSTRAINT; Schema: public; Owner: ryanfields
--

ALTER TABLE ONLY public.django_session
    ADD CONSTRAINT django_session_pkey PRIMARY KEY (session_key);


--
-- Name: token_blacklist_blacklistedtoken token_blacklist_blacklistedtoken_pkey; Type: CONSTRAINT; Schema: public; Owner: ryanfields
--

ALTER TABLE ONLY public.token_blacklist_blacklistedtoken
    ADD CONSTRAINT token_blacklist_blacklistedtoken_pkey PRIMARY KEY (id);


--
-- Name: token_blacklist_blacklistedtoken token_blacklist_blacklistedtoken_token_id_key; Type: CONSTRAINT; Schema: public; Owner: ryanfields
--

ALTER TABLE ONLY public.token_blacklist_blacklistedtoken
    ADD CONSTRAINT token_blacklist_blacklistedtoken_token_id_key UNIQUE (token_id);


--
-- Name: token_blacklist_outstandingtoken token_blacklist_outstandingtoken_jti_hex_d9bdf6f7_uniq; Type: CONSTRAINT; Schema: public; Owner: ryanfields
--

ALTER TABLE ONLY public.token_blacklist_outstandingtoken
    ADD CONSTRAINT token_blacklist_outstandingtoken_jti_hex_d9bdf6f7_uniq UNIQUE (jti);


--
-- Name: token_blacklist_outstandingtoken token_blacklist_outstandingtoken_pkey; Type: CONSTRAINT; Schema: public; Owner: ryanfields
--

ALTER TABLE ONLY public.token_blacklist_outstandingtoken
    ADD CONSTRAINT token_blacklist_outstandingtoken_pkey PRIMARY KEY (id);


--
-- Name: api_dailyreport_user_id_f902b4f0; Type: INDEX; Schema: public; Owner: ryanfields
--

CREATE INDEX api_dailyreport_user_id_f902b4f0 ON public.api_dailyreport USING btree (user_id);


--
-- Name: auth_group_name_a6ea08ec_like; Type: INDEX; Schema: public; Owner: ryanfields
--

CREATE INDEX auth_group_name_a6ea08ec_like ON public.auth_group USING btree (name varchar_pattern_ops);


--
-- Name: auth_group_permissions_group_id_b120cbf9; Type: INDEX; Schema: public; Owner: ryanfields
--

CREATE INDEX auth_group_permissions_group_id_b120cbf9 ON public.auth_group_permissions USING btree (group_id);


--
-- Name: auth_group_permissions_permission_id_84c5c92e; Type: INDEX; Schema: public; Owner: ryanfields
--

CREATE INDEX auth_group_permissions_permission_id_84c5c92e ON public.auth_group_permissions USING btree (permission_id);


--
-- Name: auth_permission_content_type_id_2f476e4b; Type: INDEX; Schema: public; Owner: ryanfields
--

CREATE INDEX auth_permission_content_type_id_2f476e4b ON public.auth_permission USING btree (content_type_id);


--
-- Name: auth_user_groups_group_id_97559544; Type: INDEX; Schema: public; Owner: ryanfields
--

CREATE INDEX auth_user_groups_group_id_97559544 ON public.auth_user_groups USING btree (group_id);


--
-- Name: auth_user_groups_user_id_6a12ed8b; Type: INDEX; Schema: public; Owner: ryanfields
--

CREATE INDEX auth_user_groups_user_id_6a12ed8b ON public.auth_user_groups USING btree (user_id);


--
-- Name: auth_user_user_permissions_permission_id_1fbb5f2c; Type: INDEX; Schema: public; Owner: ryanfields
--

CREATE INDEX auth_user_user_permissions_permission_id_1fbb5f2c ON public.auth_user_user_permissions USING btree (permission_id);


--
-- Name: auth_user_user_permissions_user_id_a95ead1b; Type: INDEX; Schema: public; Owner: ryanfields
--

CREATE INDEX auth_user_user_permissions_user_id_a95ead1b ON public.auth_user_user_permissions USING btree (user_id);


--
-- Name: auth_user_username_6821ab7c_like; Type: INDEX; Schema: public; Owner: ryanfields
--

CREATE INDEX auth_user_username_6821ab7c_like ON public.auth_user USING btree (username varchar_pattern_ops);


--
-- Name: django_admin_log_content_type_id_c4bce8eb; Type: INDEX; Schema: public; Owner: ryanfields
--

CREATE INDEX django_admin_log_content_type_id_c4bce8eb ON public.django_admin_log USING btree (content_type_id);


--
-- Name: django_admin_log_user_id_c564eba6; Type: INDEX; Schema: public; Owner: ryanfields
--

CREATE INDEX django_admin_log_user_id_c564eba6 ON public.django_admin_log USING btree (user_id);


--
-- Name: django_session_expire_date_a5c62663; Type: INDEX; Schema: public; Owner: ryanfields
--

CREATE INDEX django_session_expire_date_a5c62663 ON public.django_session USING btree (expire_date);


--
-- Name: django_session_session_key_c0390e0f_like; Type: INDEX; Schema: public; Owner: ryanfields
--

CREATE INDEX django_session_session_key_c0390e0f_like ON public.django_session USING btree (session_key varchar_pattern_ops);


--
-- Name: token_blacklist_outstandingtoken_jti_hex_d9bdf6f7_like; Type: INDEX; Schema: public; Owner: ryanfields
--

CREATE INDEX token_blacklist_outstandingtoken_jti_hex_d9bdf6f7_like ON public.token_blacklist_outstandingtoken USING btree (jti varchar_pattern_ops);


--
-- Name: token_blacklist_outstandingtoken_user_id_83bc629a; Type: INDEX; Schema: public; Owner: ryanfields
--

CREATE INDEX token_blacklist_outstandingtoken_user_id_83bc629a ON public.token_blacklist_outstandingtoken USING btree (user_id);


--
-- Name: api_dailyreport api_dailyreport_user_id_f902b4f0_fk_auth_user_id; Type: FK CONSTRAINT; Schema: public; Owner: ryanfields
--

ALTER TABLE ONLY public.api_dailyreport
    ADD CONSTRAINT api_dailyreport_user_id_f902b4f0_fk_auth_user_id FOREIGN KEY (user_id) REFERENCES public.auth_user(id) DEFERRABLE INITIALLY DEFERRED;


--
-- Name: auth_group_permissions auth_group_permissio_permission_id_84c5c92e_fk_auth_perm; Type: FK CONSTRAINT; Schema: public; Owner: ryanfields
--

ALTER TABLE ONLY public.auth_group_permissions
    ADD CONSTRAINT auth_group_permissio_permission_id_84c5c92e_fk_auth_perm FOREIGN KEY (permission_id) REFERENCES public.auth_permission(id) DEFERRABLE INITIALLY DEFERRED;


--
-- Name: auth_group_permissions auth_group_permissions_group_id_b120cbf9_fk_auth_group_id; Type: FK CONSTRAINT; Schema: public; Owner: ryanfields
--

ALTER TABLE ONLY public.auth_group_permissions
    ADD CONSTRAINT auth_group_permissions_group_id_b120cbf9_fk_auth_group_id FOREIGN KEY (group_id) REFERENCES public.auth_group(id) DEFERRABLE INITIALLY DEFERRED;


--
-- Name: auth_permission auth_permission_content_type_id_2f476e4b_fk_django_co; Type: FK CONSTRAINT; Schema: public; Owner: ryanfields
--

ALTER TABLE ONLY public.auth_permission
    ADD CONSTRAINT auth_permission_content_type_id_2f476e4b_fk_django_co FOREIGN KEY (content_type_id) REFERENCES public.django_content_type(id) DEFERRABLE INITIALLY DEFERRED;


--
-- Name: auth_user_groups auth_user_groups_group_id_97559544_fk_auth_group_id; Type: FK CONSTRAINT; Schema: public; Owner: ryanfields
--

ALTER TABLE ONLY public.auth_user_groups
    ADD CONSTRAINT auth_user_groups_group_id_97559544_fk_auth_group_id FOREIGN KEY (group_id) REFERENCES public.auth_group(id) DEFERRABLE INITIALLY DEFERRED;


--
-- Name: auth_user_groups auth_user_groups_user_id_6a12ed8b_fk_auth_user_id; Type: FK CONSTRAINT; Schema: public; Owner: ryanfields
--

ALTER TABLE ONLY public.auth_user_groups
    ADD CONSTRAINT auth_user_groups_user_id_6a12ed8b_fk_auth_user_id FOREIGN KEY (user_id) REFERENCES public.auth_user(id) DEFERRABLE INITIALLY DEFERRED;


--
-- Name: auth_user_user_permissions auth_user_user_permi_permission_id_1fbb5f2c_fk_auth_perm; Type: FK CONSTRAINT; Schema: public; Owner: ryanfields
--

ALTER TABLE ONLY public.auth_user_user_permissions
    ADD CONSTRAINT auth_user_user_permi_permission_id_1fbb5f2c_fk_auth_perm FOREIGN KEY (permission_id) REFERENCES public.auth_permission(id) DEFERRABLE INITIALLY DEFERRED;


--
-- Name: auth_user_user_permissions auth_user_user_permissions_user_id_a95ead1b_fk_auth_user_id; Type: FK CONSTRAINT; Schema: public; Owner: ryanfields
--

ALTER TABLE ONLY public.auth_user_user_permissions
    ADD CONSTRAINT auth_user_user_permissions_user_id_a95ead1b_fk_auth_user_id FOREIGN KEY (user_id) REFERENCES public.auth_user(id) DEFERRABLE INITIALLY DEFERRED;


--
-- Name: django_admin_log django_admin_log_content_type_id_c4bce8eb_fk_django_co; Type: FK CONSTRAINT; Schema: public; Owner: ryanfields
--

ALTER TABLE ONLY public.django_admin_log
    ADD CONSTRAINT django_admin_log_content_type_id_c4bce8eb_fk_django_co FOREIGN KEY (content_type_id) REFERENCES public.django_content_type(id) DEFERRABLE INITIALLY DEFERRED;


--
-- Name: django_admin_log django_admin_log_user_id_c564eba6_fk_auth_user_id; Type: FK CONSTRAINT; Schema: public; Owner: ryanfields
--

ALTER TABLE ONLY public.django_admin_log
    ADD CONSTRAINT django_admin_log_user_id_c564eba6_fk_auth_user_id FOREIGN KEY (user_id) REFERENCES public.auth_user(id) DEFERRABLE INITIALLY DEFERRED;


--
-- Name: token_blacklist_blacklistedtoken token_blacklist_blacklistedtoken_token_id_3cc7fe56_fk; Type: FK CONSTRAINT; Schema: public; Owner: ryanfields
--

ALTER TABLE ONLY public.token_blacklist_blacklistedtoken
    ADD CONSTRAINT token_blacklist_blacklistedtoken_token_id_3cc7fe56_fk FOREIGN KEY (token_id) REFERENCES public.token_blacklist_outstandingtoken(id) DEFERRABLE INITIALLY DEFERRED;


--
-- Name: token_blacklist_outstandingtoken token_blacklist_outs_user_id_83bc629a_fk_auth_user; Type: FK CONSTRAINT; Schema: public; Owner: ryanfields
--

ALTER TABLE ONLY public.token_blacklist_outstandingtoken
    ADD CONSTRAINT token_blacklist_outs_user_id_83bc629a_fk_auth_user FOREIGN KEY (user_id) REFERENCES public.auth_user(id) DEFERRABLE INITIALLY DEFERRED;


--
-- PostgreSQL database dump complete
--

